{
    "total_runtime": 680.2622058391571,
    "num_documents": 6,
    "input_load_time": 0,
    "workflows": {
        "create_base_text_units": {
            "overall": 0.25220775604248047,
            "0_orderby": 0.0021295547485351562,
            "1_zip": 0.0023927688598632812,
            "2_aggregate_override": 0.003865480422973633,
            "3_chunk": 0.20340704917907715,
            "4_select": 0.0027811527252197266,
            "5_unroll": 0.0037467479705810547,
            "6_rename": 0.002925395965576172,
            "7_genid": 0.009370803833007812,
            "8_unzip": 0.003620147705078125,
            "9_copy": 0.0031583309173583984,
            "10_filter": 0.013054609298706055
        },
        "create_base_extracted_entities": {
            "overall": 304.27427411079407,
            "0_entity_extract": 304.02602338790894,
            "1_merge_graphs": 0.24432134628295898
        },
        "create_summarized_entities": {
            "overall": 97.56853795051575,
            "0_summarize_descriptions": 97.56432676315308
        },
        "create_base_entity_graph": {
            "overall": 1.1961338520050049,
            "0_cluster_graph": 1.186748743057251,
            "1_select": 0.004847526550292969
        },
        "create_final_entities": {
            "overall": 4.457126140594482,
            "0_unpack_graph": 0.5727667808532715,
            "1_rename": 0.0054590702056884766,
            "2_select": 0.005962848663330078,
            "3_dedupe": 0.006303071975708008,
            "4_rename": 0.00570368766784668,
            "5_filter": 0.02726006507873535,
            "6_text_split": 0.023174047470092773,
            "7_drop": 0.0063724517822265625,
            "8_merge": 0.22670817375183105,
            "9_text_embed": 3.509321928024292,
            "10_drop": 0.0073854923248291016,
            "11_filter": 0.052576541900634766
        },
        "create_final_nodes": {
            "overall": 3.45292067527771,
            "0_layout_graph": 1.9405434131622314,
            "1_unpack_graph": 0.5843040943145752,
            "2_unpack_graph": 0.7664859294891357,
            "3_filter": 0.0741119384765625,
            "4_drop": 0.00851583480834961,
            "5_select": 0.008297204971313477,
            "6_rename": 0.008140087127685547,
            "7_convert": 0.02689385414123535,
            "8_join": 0.018230915069580078,
            "9_rename": 0.010152101516723633
        },
        "create_final_communities": {
            "overall": 2.4668049812316895,
            "0_unpack_graph": 0.6281204223632812,
            "1_unpack_graph": 0.6065921783447266,
            "2_aggregate_override": 0.012682437896728516,
            "3_join": 0.041639089584350586,
            "4_join": 0.03980565071105957,
            "5_concat": 0.012558937072753906,
            "6_filter": 0.9654290676116943,
            "7_aggregate_override": 0.031157732009887695,
            "8_join": 0.013953685760498047,
            "9_filter": 0.027727842330932617,
            "10_fill": 0.010648488998413086,
            "11_merge": 0.04188084602355957,
            "12_copy": 0.01114964485168457,
            "13_select": 0.01125788688659668
        },
        "join_text_units_to_entity_ids": {
            "overall": 0.0593562126159668,
            "0_select": 0.011528968811035156,
            "1_unroll": 0.013764381408691406,
            "2_aggregate_override": 0.022257566452026367
        },
        "create_final_relationships": {
            "overall": 0.9153130054473877,
            "0_unpack_graph": 0.6373801231384277,
            "1_filter": 0.08243179321289062,
            "2_rename": 0.012987852096557617,
            "3_filter": 0.09751629829406738,
            "4_drop": 0.012942075729370117,
            "5_compute_edge_combined_degree": 0.017639875411987305,
            "6_convert": 0.02703380584716797,
            "7_convert": 0.01457071304321289
        },
        "join_text_units_to_relationship_ids": {
            "overall": 0.08354568481445312,
            "0_select": 0.013724088668823242,
            "1_unroll": 0.01587963104248047,
            "2_aggregate_override": 0.024305343627929688,
            "3_select": 0.014354228973388672
        },
        "create_final_community_reports": {
            "overall": 261.74602246284485,
            "0_prepare_community_reports_nodes": 0.07177567481994629,
            "1_prepare_community_reports_edges": 0.035768747329711914,
            "2_restore_community_hierarchy": 0.03663802146911621,
            "3_prepare_community_reports": 0.9279758930206299,
            "4_create_community_reports": 260.62446427345276,
            "5_window": 0.03078913688659668
        },
        "create_final_text_units": {
            "overall": 0.12227272987365723,
            "0_select": 0.015852689743041992,
            "1_rename": 0.015959501266479492,
            "2_join": 0.020138263702392578,
            "3_join": 0.01989269256591797,
            "4_aggregate_override": 0.01812434196472168,
            "5_select": 0.016483545303344727
        },
        "create_base_documents": {
            "overall": 0.202345609664917,
            "0_unroll": 0.017998218536376953,
            "1_select": 0.01716327667236328,
            "2_rename": 0.017233610153198242,
            "3_join": 0.020403146743774414,
            "4_aggregate_override": 0.018698692321777344,
            "5_join": 0.020534038543701172,
            "6_rename": 0.01770472526550293,
            "7_convert": 0.053917646408081055
        },
        "create_final_documents": {
            "overall": 0.03642129898071289,
            "0_rename": 0.018105506896972656
        }
    }
}