{
    "total_runtime": 97.98407483100891,
    "num_documents": 6,
    "input_load_time": 0,
    "workflows": {
        "create_base_text_units": {
            "overall": 0.2512698173522949,
            "0_orderby": 0.0021257400512695312,
            "1_zip": 0.0023903846740722656,
            "2_aggregate_override": 0.0038788318634033203,
            "3_chunk": 0.2023313045501709,
            "4_select": 0.002754688262939453,
            "5_unroll": 0.003724336624145508,
            "6_rename": 0.0029726028442382812,
            "7_genid": 0.009452104568481445,
            "8_unzip": 0.0036695003509521484,
            "9_copy": 0.003168344497680664,
            "10_filter": 0.01304769515991211
        },
        "create_base_extracted_entities": {
            "overall": 1.0014171600341797,
            "0_entity_extract": 0.7956466674804688,
            "1_merge_graphs": 0.18921756744384766,
            "2_snapshot_rows": 0.012816905975341797
        },
        "create_summarized_entities": {
            "overall": 5.792320013046265,
            "0_summarize_descriptions": 5.774460315704346,
            "1_snapshot_rows": 0.013271331787109375
        },
        "create_base_entity_graph": {
            "overall": 10.68168568611145,
            "0_cluster_graph": 1.1532502174377441,
            "1_snapshot_rows": 0.033437490463256836,
            "2_embed_graph": 9.452838659286499,
            "3_snapshot_rows": 0.03111577033996582,
            "4_select": 0.006083965301513672
        },
        "create_final_entities": {
            "overall": 2.0904040336608887,
            "0_unpack_graph": 0.7453382015228271,
            "1_rename": 0.006466865539550781,
            "2_select": 0.006898641586303711,
            "3_dedupe": 0.0073184967041015625,
            "4_rename": 0.0067920684814453125,
            "5_filter": 0.02899003028869629,
            "6_text_split": 0.023293018341064453,
            "7_drop": 0.008106470108032227,
            "8_merge": 0.22869467735290527,
            "9_text_embed": 0.9822845458984375,
            "10_drop": 0.008092164993286133,
            "11_filter": 0.031668901443481445
        },
        "create_final_nodes": {
            "overall": 16.266775369644165,
            "0_layout_graph": 14.66504168510437,
            "1_unpack_graph": 0.7129354476928711,
            "2_unpack_graph": 0.7015023231506348,
            "3_filter": 0.07720065116882324,
            "4_drop": 0.00941610336303711,
            "5_select": 0.009226560592651367,
            "6_snapshot": 0.012214899063110352,
            "7_rename": 0.009325981140136719,
            "8_convert": 0.030416250228881836,
            "9_join": 0.019683122634887695,
            "10_rename": 0.011183500289916992
        },
        "create_final_communities": {
            "overall": 2.6225483417510986,
            "0_unpack_graph": 0.7279565334320068,
            "1_unpack_graph": 0.6410033702850342,
            "2_aggregate_override": 0.013792276382446289,
            "3_join": 0.042012691497802734,
            "4_join": 0.0400393009185791,
            "5_concat": 0.013897180557250977,
            "6_filter": 0.9738612174987793,
            "7_aggregate_override": 0.03304886817932129,
            "8_join": 0.0150604248046875,
            "9_filter": 0.03043055534362793,
            "10_fill": 0.011789798736572266,
            "11_merge": 0.043067216873168945,
            "12_copy": 0.012309074401855469,
            "13_select": 0.012387514114379883
        },
        "join_text_units_to_entity_ids": {
            "overall": 0.06439805030822754,
            "0_select": 0.012729883193969727,
            "1_unroll": 0.014909744262695312,
            "2_aggregate_override": 0.024132966995239258
        },
        "create_final_relationships": {
            "overall": 1.0566565990447998,
            "0_unpack_graph": 0.7145729064941406,
            "1_filter": 0.08688950538635254,
            "2_rename": 0.014589309692382812,
            "3_filter": 0.14798188209533691,
            "4_drop": 0.014367818832397461,
            "5_compute_edge_combined_degree": 0.019172191619873047,
            "6_convert": 0.029372453689575195,
            "7_convert": 0.015786170959472656
        },
        "join_text_units_to_relationship_ids": {
            "overall": 0.08817291259765625,
            "0_select": 0.014795064926147461,
            "1_unroll": 0.016993045806884766,
            "2_aggregate_override": 0.025462627410888672,
            "3_select": 0.015646696090698242
        },
        "create_final_community_reports": {
            "overall": 50.15057897567749,
            "0_prepare_community_reports_nodes": 0.07724356651306152,
            "1_prepare_community_reports_edges": 0.03806567192077637,
            "2_restore_community_hierarchy": 0.038602590560913086,
            "3_prepare_community_reports": 0.934283971786499,
            "4_create_community_reports": 49.02620053291321,
            "5_window": 0.018846988677978516
        },
        "create_final_text_units": {
            "overall": 0.13124561309814453,
            "0_select": 0.01673412322998047,
            "1_rename": 0.017132997512817383,
            "2_join": 0.020835161209106445,
            "3_join": 0.02109241485595703,
            "4_aggregate_override": 0.019257068634033203,
            "5_select": 0.01770806312561035
        },
        "create_base_documents": {
            "overall": 0.2153785228729248,
            "0_unroll": 0.01941394805908203,
            "1_select": 0.01846480369567871,
            "2_rename": 0.018337011337280273,
            "3_join": 0.021866798400878906,
            "4_aggregate_override": 0.01989126205444336,
            "5_join": 0.022047758102416992,
            "6_rename": 0.019164085388183594,
            "7_convert": 0.05823516845703125
        },
        "create_final_documents": {
            "overall": 0.03926253318786621,
            "0_rename": 0.01982712745666504
        }
    }
}